customer_id,customer_segment,city,signup_date
C00001,Small Business,Rawalpindi,2024-08-13
C00002,Premium,Islamabad,2024-12-01
C00003,Regular,Islamabad,2023-09-23
C00004,Premium,Islamabad,2023-06-27
C00005,Regular,Islamabad,2023-11-30
C00006,Regular,Faisalabad,2025-04-07
C00007,Regular,Rawalpindi,2025-06-09
C00008,Regular,Faisalabad,2025-04-13
C00009,Premium,Islamabad,2024-02-22
C00010,Regular,Lahore,2025-09-30
C00011,Regular,Lahore,2024-08-31
C00012,Family,Karachi,2024-02-10
C00013,Small Business,Peshawar,2024-09-13
C00014,Regular,Rawalpindi,2025-07-18
C00015,Premium,Karachi,2024-04-07
C00016,Family,Islamabad,2023-04-10
C00017,Regular,Karachi,2023-11-23
C00018,Family,Lahore,2025-11-24
C00019,Family,Islamabad,2024-05-09
C00020,Family,Rawalpindi,2023-08-15
C00021,Regular,Islamabad,2025-07-27
C00022,Regular,Karachi,2024-02-03
C00023,Regular,Rawalpindi,2023-12-07
C00024,Regular,Lahore,2023-04-10
C00025,Small Business,Lahore,2025-10-04
C00026,Family,Rawalpindi,2025-06-08
C00027,Family,Faisalabad,2024-02-19
C00028,Regular,Karachi,2024-06-01
C00029,Family,Karachi,2023-09-28
C00030,Regular,Islamabad,2025-10-21
C00031,Regular,Rawalpindi,2025-09-05
C00032,Small Business,Rawalpindi,2023-06-04
C00033,Premium,Karachi,2023-09-16
C00034,Regular,Islamabad,2025-08-07
C00035,Family,Lahore,2023-08-21
C00036,Regular,Karachi,2024-01-18
C00037,Family,Rawalpindi,2025-05-11
C00038,Regular,Rawalpindi,2023-09-09
C00039,Premium,Islamabad,2025-06-20
C00040,Small Business,Islamabad,2024-11-30
C00041,Family,Rawalpindi,2023-07-17
C00042,Regular,Lahore,2023-02-02
C00043,Regular,Faisalabad,2023-07-03
C00044,Regular,Karachi,2024-07-13
C00045,Regular,Rawalpindi,2025-10-19
C00046,Regular,Karachi,2024-05-19
C00047,Family,Islamabad,2023-05-17
C00048,Regular,Karachi,2023-02-21
C00049,Regular,Rawalpindi,2023-07-19
C00050,Small Business,Karachi,2024-04-07
C00051,Regular,Faisalabad,2024-04-15
C00052,Small Business,Faisalabad,2023-11-21
C00053,Regular,Lahore,2024-10-23
C00054,Regular,Islamabad,2023-09-22
C00055,Family,Karachi,2023-09-29
C00056,Family,Rawalpindi,2025-09-17
C00057,Small Business,Islamabad,2024-07-22
C00058,Regular,Rawalpindi,2024-09-29
C00059,Family,Peshawar,2024-09-01
C00060,Regular,Karachi,2023-06-14
C00061,Regular,Rawalpindi,2024-09-11
C00062,Regular,Peshawar,2025-03-17
C00063,Regular,Karachi,2023-02-15
C00064,Regular,Rawalpindi,2024-01-29
C00065,Regular,Lahore,2023-10-25
C00066,Family,Lahore,2024-09-29
C00067,Regular,Karachi,2025-08-22
C00068,Regular,Islamabad,2024-02-09
C00069,Regular,Karachi,2023-03-11
C00070,Small Business,Islamabad,2024-11-11
C00071,Regular,Lahore,2023-11-26
C00072,Regular,Faisalabad,2024-12-27
C00073,Regular,Islamabad,2023-05-30
C00074,Family,Karachi,2023-10-29
C00075,Regular,Rawalpindi,2024-02-18
C00076,Family,Rawalpindi,2025-06-04
C00077,Family,Lahore,2024-08-08
C00078,Regular,Islamabad,2024-10-20
C00079,Premium,Rawalpindi,2025-01-21
C00080,Small Business,Lahore,2024-10-06
C00081,Regular,Karachi,2025-07-29
C00082,Regular,Peshawar,2023-08-21
C00083,Family,Peshawar,2024-11-10
C00084,Regular,Lahore,2023-09-28
C00085,Premium,Faisalabad,2024-08-16
C00086,Small Business,Peshawar,2024-02-26
C00087,Regular,Lahore,2025-09-04
C00088,Family,Islamabad,2023-02-06
C00089,Regular,Rawalpindi,2024-08-07
C00090,Family,Karachi,2023-02-28
C00091,Regular,Lahore,2024-01-24
C00092,Regular,Islamabad,2024-12-06
C00093,Small Business,Peshawar,2023-09-12
C00094,Regular,Karachi,2023-12-04
C00095,Premium,Islamabad,2024-12-20
C00096,Regular,Peshawar,2025-02-06
C00097,Premium,Lahore,2024-11-19
C00098,Regular,Rawalpindi,2023-03-21
C00099,Regular,Rawalpindi,2023-12-27
C00100,Regular,Lahore,2025-02-27
C00101,Family,Faisalabad,2025-07-08
C00102,Regular,Karachi,2023-08-17
C00103,Regular,Rawalpindi,2024-02-25
C00104,Family,Islamabad,2025-07-15
C00105,Family,Islamabad,2023-05-13
C00106,Regular,Rawalpindi,2025-08-23
C00107,Family,Peshawar,2024-02-05
C00108,Regular,Rawalpindi,2025-01-04
C00109,Premium,Peshawar,2024-04-13
C00110,Premium,Rawalpindi,2024-02-24
C00111,Regular,Lahore,2024-02-05
C00112,Family,Islamabad,2023-01-28
C00113,Regular,Islamabad,2025-08-27
C00114,Regular,Rawalpindi,2025-03-21
C00115,Family,Faisalabad,2025-09-10
C00116,Family,Karachi,2024-08-22
C00117,Regular,Rawalpindi,2025-10-20
C00118,Premium,Rawalpindi,2023-03-29
C00119,Small Business,Islamabad,2024-01-17
C00120,Regular,Karachi,2024-08-30
C00121,Regular,Faisalabad,2024-05-26
C00122,Regular,Karachi,2023-01-07
C00123,Premium,Karachi,2023-04-19
C00124,Regular,Rawalpindi,2024-04-25
C00125,Premium,Karachi,2025-05-30
C00126,Regular,Lahore,2024-10-15
C00127,Regular,Karachi,2023-11-02
C00128,Small Business,Rawalpindi,2025-05-04
C00129,Premium,Karachi,2025-08-04
C00130,Regular,Rawalpindi,2023-11-06
C00131,Regular,Rawalpindi,2025-09-05
C00132,Family,Islamabad,2023-09-05
C00133,Family,Rawalpindi,2024-09-06
C00134,Premium,Islamabad,2023-12-19
C00135,Family,Lahore,2025-02-05
C00136,Regular,Karachi,2023-03-05
C00137,Regular,Rawalpindi,2023-02-27
C00138,Regular,Karachi,2025-09-19
C00139,Regular,Karachi,2023-07-08
C00140,Regular,Faisalabad,2025-07-26
C00141,Family,Peshawar,2024-12-11
C00142,Small Business,Faisalabad,2024-10-03
C00143,Premium,Faisalabad,2025-02-12
C00144,Regular,Faisalabad,2023-03-21
C00145,Premium,Faisalabad,2023-02-23
C00146,Regular,Faisalabad,2023-03-31
C00147,Premium,Rawalpindi,2023-01-22
C00148,Regular,Islamabad,2025-09-19
C00149,Family,Faisalabad,2024-04-21
C00150,Regular,Rawalpindi,2023-05-14
C00151,Family,Peshawar,2023-12-03
C00152,Small Business,Faisalabad,2023-06-05
C00153,Premium,Lahore,2025-08-21
C00154,Regular,Rawalpindi,2025-04-16
C00155,Regular,Karachi,2023-01-08
C00156,Family,Peshawar,2023-11-18
C00157,Family,Islamabad,2024-11-30
C00158,Small Business,Peshawar,2024-03-14
C00159,Premium,Karachi,2023-08-27
C00160,Premium,Faisalabad,2024-03-12
C00161,Family,Rawalpindi,2024-03-29
C00162,Regular,Faisalabad,2025-01-15
C00163,Small Business,Islamabad,2024-08-13
C00164,Regular,Karachi,2024-05-18
C00165,Regular,Faisalabad,2024-10-16
C00166,Family,Lahore,2025-05-14
C00167,Family,Islamabad,2023-04-09
C00168,Family,Faisalabad,2024-06-12
C00169,Family,Lahore,2025-03-16
C00170,Regular,Rawalpindi,2023-11-06
C00171,Premium,Faisalabad,2025-07-12
C00172,Family,Peshawar,2023-07-27
C00173,Regular,Faisalabad,2023-02-06
C00174,Family,Karachi,2025-03-15
C00175,Regular,Islamabad,2025-03-24
C00176,Family,Lahore,2023-08-22
C00177,Regular,Lahore,2025-11-24
C00178,Regular,Lahore,2024-10-10
C00179,Regular,Islamabad,2023-02-08
C00180,Regular,Rawalpindi,2024-10-02
C00181,Family,Rawalpindi,2024-01-07
C00182,Regular,Islamabad,2025-10-22
C00183,Regular,Rawalpindi,2023-10-20
C00184,Regular,Rawalpindi,2023-04-06
C00185,Family,Karachi,2025-07-22
C00186,Small Business,Lahore,2023-08-10
C00187,Family,Lahore,2023-12-16
C00188,Small Business,Islamabad,2024-12-05
C00189,Family,Rawalpindi,2023-12-16
C00190,Premium,Rawalpindi,2023-12-19
C00191,Family,Rawalpindi,2024-06-11
C00192,Premium,Rawalpindi,2023-05-17
C00193,Regular,Rawalpindi,2024-07-31
C00194,Family,Rawalpindi,2025-08-11
C00195,Regular,Rawalpindi,2025-11-23
C00196,Regular,Karachi,2025-02-18
C00197,Family,Rawalpindi,2024-09-24
C00198,Regular,Rawalpindi,2023-08-26
C00199,Small Business,Karachi,2025-07-18
C00200,Regular,Karachi,2023-04-12
C00201,Regular,Karachi,2025-01-26
C00202,Regular,Lahore,2025-06-16
C00203,Regular,Islamabad,2024-05-09
C00204,Regular,Peshawar,2024-08-30
C00205,Regular,Lahore,2025-05-14
C00206,Regular,Faisalabad,2025-09-17
C00207,Family,Islamabad,2023-02-05
C00208,Regular,Islamabad,2024-07-04
C00209,Regular,Faisalabad,2024-03-12
C00210,Family,Rawalpindi,2023-09-03
C00211,Family,Faisalabad,2025-07-09
C00212,Family,Karachi,2023-05-23
C00213,Regular,Rawalpindi,2023-12-24
C00214,Regular,Lahore,2024-03-21
C00215,Regular,Rawalpindi,2023-08-30
C00216,Small Business,Peshawar,2024-12-29
C00217,Regular,Karachi,2024-11-12
C00218,Premium,Karachi,2023-01-05
C00219,Regular,Rawalpindi,2023-06-15
C00220,Premium,Islamabad,2024-02-26
C00221,Small Business,Rawalpindi,2025-07-26
C00222,Family,Karachi,2024-03-06
C00223,Premium,Faisalabad,2024-03-29
C00224,Premium,Rawalpindi,2024-12-15
C00225,Regular,Lahore,2025-04-19
C00226,Regular,Peshawar,2023-07-27
C00227,Small Business,Rawalpindi,2024-12-14
C00228,Family,Karachi,2025-07-22
C00229,Premium,Peshawar,2025-08-05
C00230,Regular,Karachi,2023-12-13
C00231,Premium,Islamabad,2025-03-29
C00232,Premium,Karachi,2025-05-30
C00233,Family,Islamabad,2023-06-12
C00234,Small Business,Rawalpindi,2025-05-31
C00235,Small Business,Peshawar,2025-09-13
C00236,Premium,Karachi,2025-07-31
C00237,Regular,Islamabad,2025-07-17
C00238,Regular,Karachi,2023-10-03
C00239,Regular,Lahore,2024-06-14
C00240,Regular,Peshawar,2025-06-13
C00241,Family,Karachi,2023-04-05
C00242,Regular,Lahore,2023-09-03
C00243,Regular,Karachi,2023-08-10
C00244,Small Business,Islamabad,2024-03-01
C00245,Regular,Lahore,2023-05-03
C00246,Premium,Islamabad,2023-07-09
C00247,Family,Rawalpindi,2025-11-15
C00248,Regular,Rawalpindi,2024-05-30
C00249,Regular,Lahore,2025-05-18
C00250,Family,Rawalpindi,2023-03-22
C00251,Regular,Rawalpindi,2023-02-23
C00252,Small Business,Peshawar,2025-10-16
C00253,Premium,Islamabad,2025-10-20
C00254,Family,Lahore,2023-01-14
C00255,Family,Karachi,2023-09-18
C00256,Regular,Islamabad,2024-06-12
C00257,Family,Lahore,2024-11-14
C00258,Family,Rawalpindi,2025-06-11
C00259,Regular,Peshawar,2023-01-11
C00260,Regular,Islamabad,2023-05-22
C00261,Small Business,Islamabad,2023-01-24
C00262,Regular,Lahore,2024-09-27
C00263,Regular,Karachi,2024-07-29
C00264,Regular,Peshawar,2024-07-19
C00265,Regular,Lahore,2023-08-03
C00266,Regular,Faisalabad,2025-03-17
C00267,Small Business,Karachi,2025-08-31
C00268,Regular,Faisalabad,2025-01-14
C00269,Regular,Peshawar,2025-11-14
C00270,Regular,Peshawar,2025-05-28
C00271,Regular,Islamabad,2023-03-31
C00272,Regular,Peshawar,2025-04-24
C00273,Regular,Karachi,2024-10-20
C00274,Family,Islamabad,2024-09-12
C00275,Small Business,Islamabad,2023-08-02
C00276,Regular,Islamabad,2024-01-08
C00277,Family,Lahore,2024-01-15
C00278,Regular,Islamabad,2023-04-25
C00279,Family,Rawalpindi,2023-12-22
C00280,Small Business,Islamabad,2023-06-24
C00281,Regular,Islamabad,2024-04-29
C00282,Family,Islamabad,2025-07-16
C00283,Premium,Islamabad,2025-03-02
C00284,Family,Faisalabad,2023-10-11
C00285,Regular,Karachi,2024-09-12
C00286,Regular,Karachi,2025-08-10
C00287,Family,Faisalabad,2025-10-08
C00288,Family,Lahore,2023-11-22
C00289,Regular,Faisalabad,2023-11-24
C00290,Regular,Karachi,2023-03-02
C00291,Regular,Rawalpindi,2025-03-27
C00292,Regular,Karachi,2023-11-05
C00293,Family,Rawalpindi,2024-01-15
C00294,Small Business,Islamabad,2024-02-14
C00295,Premium,Islamabad,2023-04-16
C00296,Regular,Faisalabad,2023-04-21
C00297,Premium,Rawalpindi,2024-09-11
C00298,Regular,Peshawar,2024-04-02
C00299,Regular,Rawalpindi,2023-12-17
C00300,Regular,Islamabad,2025-04-29
C00301,Regular,Lahore,2023-08-18
C00302,Regular,Islamabad,2024-03-16
C00303,Premium,Karachi,2023-12-03
C00304,Family,Rawalpindi,2024-06-09
C00305,Small Business,Karachi,2023-05-21
C00306,Family,Islamabad,2025-11-29
C00307,Small Business,Islamabad,2023-11-09
C00308,Family,Islamabad,2023-08-18
C00309,Family,Faisalabad,2025-01-14
C00310,Small Business,Rawalpindi,2024-08-02
C00311,Premium,Lahore,2025-03-04
C00312,Regular,Rawalpindi,2025-11-17
C00313,Regular,Islamabad,2025-01-12
C00314,Premium,Islamabad,2024-06-11
C00315,Family,Lahore,2023-12-10
C00316,Regular,Lahore,2024-09-21
C00317,Small Business,Faisalabad,2025-08-28
C00318,Family,Peshawar,2024-08-05
C00319,Regular,Peshawar,2024-08-11
C00320,Family,Islamabad,2023-05-03
C00321,Premium,Lahore,2024-04-12
C00322,Regular,Islamabad,2025-02-01
C00323,Family,Peshawar,2025-05-24
C00324,Regular,Rawalpindi,2025-08-29
C00325,Premium,Rawalpindi,2024-11-22
C00326,Regular,Rawalpindi,2025-09-13
C00327,Regular,Islamabad,2023-03-08
C00328,Regular,Faisalabad,2024-09-16
C00329,Regular,Lahore,2023-10-02
C00330,Regular,Lahore,2024-01-11
C00331,Regular,Karachi,2025-10-04
C00332,Family,Rawalpindi,2024-12-20
C00333,Family,Peshawar,2024-04-17
C00334,Regular,Peshawar,2025-10-03
C00335,Family,Islamabad,2024-02-27
C00336,Family,Lahore,2025-11-07
C00337,Premium,Islamabad,2023-11-08
C00338,Family,Rawalpindi,2023-10-29
C00339,Regular,Rawalpindi,2024-11-16
C00340,Family,Karachi,2025-09-23
C00341,Regular,Rawalpindi,2023-03-25
C00342,Small Business,Lahore,2025-02-16
C00343,Small Business,Lahore,2024-03-16
C00344,Regular,Peshawar,2025-07-17
C00345,Family,Peshawar,2025-04-10
C00346,Regular,Islamabad,2023-06-28
C00347,Family,Karachi,2024-12-15
C00348,Small Business,Islamabad,2025-11-05
C00349,Family,Karachi,2023-06-07
C00350,Family,Islamabad,2025-03-13
C00351,Regular,Islamabad,2023-04-26
C00352,Small Business,Faisalabad,2023-06-27
C00353,Regular,Peshawar,2023-10-05
C00354,Regular,Islamabad,2024-07-29
C00355,Family,Islamabad,2025-04-15
C00356,Premium,Rawalpindi,2023-04-29
C00357,Regular,Rawalpindi,2023-02-12
C00358,Regular,Rawalpindi,2025-02-10
C00359,Family,Islamabad,2023-12-11
C00360,Regular,Rawalpindi,2024-09-25
C00361,Family,Islamabad,2024-03-27
C00362,Family,Karachi,2024-09-07
C00363,Regular,Peshawar,2023-12-19
C00364,Regular,Karachi,2025-06-21
C00365,Family,Karachi,2023-05-04
C00366,Regular,Karachi,2025-03-30
C00367,Regular,Rawalpindi,2024-03-31
C00368,Small Business,Karachi,2023-04-08
C00369,Family,Peshawar,2025-08-17
C00370,Regular,Faisalabad,2025-03-22
C00371,Regular,Rawalpindi,2023-06-14
C00372,Family,Peshawar,2024-07-30
C00373,Family,Karachi,2023-06-16
C00374,Regular,Islamabad,2023-07-21
C00375,Regular,Lahore,2023-11-12
C00376,Regular,Rawalpindi,2024-01-05
C00377,Small Business,Islamabad,2025-11-14
C00378,Premium,Lahore,2024-06-26
C00379,Premium,Lahore,2024-03-22
C00380,Family,Islamabad,2025-07-03
C00381,Premium,Rawalpindi,2023-02-10
C00382,Small Business,Rawalpindi,2025-07-28
C00383,Premium,Rawalpindi,2023-02-09
C00384,Regular,Karachi,2023-04-19
C00385,Regular,Karachi,2023-02-05
C00386,Premium,Lahore,2024-04-15
C00387,Small Business,Peshawar,2025-11-08
C00388,Regular,Faisalabad,2025-06-17
C00389,Family,Islamabad,2023-03-18
C00390,Regular,Rawalpindi,2024-10-03
C00391,Family,Rawalpindi,2025-09-25
C00392,Regular,Rawalpindi,2025-06-29
C00393,Regular,Rawalpindi,2023-10-27
C00394,Premium,Karachi,2024-09-28
C00395,Family,Lahore,2024-01-11
C00396,Family,Islamabad,2023-08-26
C00397,Regular,Islamabad,2025-07-28
C00398,Premium,Rawalpindi,2024-06-19
C00399,Regular,Karachi,2024-05-21
C00400,Regular,Islamabad,2024-07-02
C00401,Regular,Islamabad,2023-08-14
C00402,Regular,Karachi,2025-08-10
C00403,Family,Islamabad,2024-09-28
C00404,Small Business,Karachi,2024-01-14
C00405,Family,Islamabad,2024-09-29
C00406,Regular,Karachi,2023-09-08
C00407,Regular,Rawalpindi,2024-06-02
C00408,Premium,Islamabad,2025-03-08
C00409,Regular,Karachi,2025-06-01
C00410,Family,Islamabad,2024-03-22
C00411,Regular,Karachi,2025-02-01
C00412,Premium,Faisalabad,2024-05-30
C00413,Family,Islamabad,2023-03-24
C00414,Regular,Lahore,2025-11-06
C00415,Regular,Karachi,2025-07-14
C00416,Family,Rawalpindi,2024-12-19
C00417,Family,Lahore,2023-02-24
C00418,Regular,Islamabad,2024-12-16
C00419,Regular,Rawalpindi,2023-09-11
C00420,Premium,Rawalpindi,2025-09-21
C00421,Regular,Karachi,2023-04-06
C00422,Family,Lahore,2025-02-01
C00423,Regular,Karachi,2024-02-21
C00424,Family,Peshawar,2025-10-13
C00425,Small Business,Faisalabad,2025-04-13
C00426,Regular,Islamabad,2024-11-05
C00427,Small Business,Karachi,2024-07-08
C00428,Premium,Rawalpindi,2024-09-17
C00429,Family,Rawalpindi,2024-10-13
C00430,Regular,Peshawar,2023-10-30
C00431,Premium,Lahore,2024-07-24
C00432,Family,Rawalpindi,2023-09-03
C00433,Regular,Islamabad,2023-10-20
C00434,Regular,Karachi,2024-07-20
C00435,Regular,Peshawar,2024-11-06
C00436,Regular,Karachi,2023-03-04
C00437,Regular,Karachi,2025-11-11
C00438,Regular,Islamabad,2023-06-29
C00439,Family,Rawalpindi,2024-08-10
C00440,Family,Lahore,2025-01-24
C00441,Regular,Karachi,2023-10-14
C00442,Family,Rawalpindi,2024-12-24
C00443,Regular,Islamabad,2024-06-24
C00444,Regular,Faisalabad,2023-01-31
C00445,Regular,Islamabad,2025-07-14
C00446,Regular,Karachi,2023-06-23
C00447,Regular,Rawalpindi,2023-05-09
C00448,Family,Peshawar,2024-10-19
C00449,Regular,Islamabad,2023-07-22
C00450,Family,Karachi,2024-03-10
C00451,Premium,Faisalabad,2023-02-07
C00452,Small Business,Karachi,2024-09-19
C00453,Regular,Karachi,2025-07-21
C00454,Family,Faisalabad,2023-05-18
C00455,Regular,Peshawar,2024-09-02
C00456,Family,Karachi,2025-07-07
C00457,Regular,Rawalpindi,2023-08-16
C00458,Regular,Karachi,2023-10-03
C00459,Small Business,Faisalabad,2024-05-04
C00460,Regular,Karachi,2024-02-03
C00461,Family,Rawalpindi,2023-03-31
C00462,Premium,Rawalpindi,2024-04-23
C00463,Family,Islamabad,2025-09-02
C00464,Premium,Rawalpindi,2024-09-23
C00465,Regular,Faisalabad,2023-12-05
C00466,Regular,Lahore,2025-11-10
C00467,Regular,Islamabad,2023-04-04
C00468,Family,Lahore,2023-08-12
C00469,Family,Faisalabad,2025-11-17
C00470,Regular,Faisalabad,2023-06-22
C00471,Regular,Rawalpindi,2025-05-16
C00472,Family,Rawalpindi,2023-06-04
C00473,Small Business,Rawalpindi,2023-08-27
C00474,Regular,Islamabad,2025-04-05
C00475,Regular,Islamabad,2024-11-26
C00476,Premium,Rawalpindi,2024-02-12
C00477,Premium,Karachi,2023-10-13
C00478,Family,Lahore,2025-09-14
C00479,Family,Rawalpindi,2024-05-08
C00480,Regular,Peshawar,2023-03-12
C00481,Family,Rawalpindi,2025-04-20
C00482,Regular,Islamabad,2024-07-20
C00483,Regular,Lahore,2023-06-29
C00484,Family,Islamabad,2025-03-17
C00485,Premium,Islamabad,2024-07-02
C00486,Small Business,Karachi,2024-06-24
C00487,Regular,Rawalpindi,2025-06-22
C00488,Family,Lahore,2024-03-09
C00489,Small Business,Rawalpindi,2023-02-15
C00490,Small Business,Faisalabad,2025-05-14
C00491,Family,Islamabad,2023-08-08
C00492,Regular,Karachi,2024-06-26
C00493,Regular,Karachi,2024-04-03
C00494,Regular,Faisalabad,2025-08-23
C00495,Regular,Karachi,2023-01-23
C00496,Regular,Rawalpindi,2023-09-12
C00497,Family,Islamabad,2024-02-08
C00498,Regular,Faisalabad,2024-09-29
C00499,Regular,Rawalpindi,2023-08-20
C00500,Family,Rawalpindi,2024-11-06
C00501,Regular,Lahore,2023-07-08
C00502,Small Business,Peshawar,2025-08-24
C00503,Regular,Lahore,2025-09-23
C00504,Regular,Islamabad,2023-04-10
C00505,Premium,Rawalpindi,2024-10-11
C00506,Regular,Karachi,2025-05-08
C00507,Regular,Lahore,2024-01-11
C00508,Premium,Islamabad,2024-12-28
C00509,Premium,Rawalpindi,2025-05-02
C00510,Regular,Rawalpindi,2025-07-05
C00511,Small Business,Islamabad,2024-09-12
C00512,Regular,Lahore,2024-10-10
C00513,Premium,Peshawar,2023-06-01
C00514,Premium,Islamabad,2024-04-28
C00515,Regular,Karachi,2025-02-10
C00516,Family,Rawalpindi,2025-04-28
C00517,Regular,Karachi,2024-01-05
C00518,Family,Lahore,2023-10-30
C00519,Regular,Islamabad,2025-01-29
C00520,Regular,Rawalpindi,2023-03-01
C00521,Regular,Peshawar,2023-08-16
C00522,Regular,Rawalpindi,2025-03-09
C00523,Premium,Faisalabad,2024-12-19
C00524,Regular,Rawalpindi,2025-05-15
C00525,Regular,Rawalpindi,2025-04-05
C00526,Regular,Lahore,2025-06-01
C00527,Family,Peshawar,2023-12-10
C00528,Family,Karachi,2024-04-21
C00529,Regular,Rawalpindi,2024-10-08
C00530,Regular,Islamabad,2025-02-19
C00531,Family,Rawalpindi,2024-02-06
C00532,Family,Rawalpindi,2025-01-30
C00533,Regular,Islamabad,2023-07-11
C00534,Regular,Islamabad,2023-11-04
C00535,Family,Karachi,2024-12-14
C00536,Regular,Rawalpindi,2025-03-26
C00537,Family,Faisalabad,2023-03-22
C00538,Family,Lahore,2025-10-23
C00539,Family,Islamabad,2025-04-21
C00540,Family,Karachi,2024-01-10
C00541,Small Business,Islamabad,2024-11-25
C00542,Regular,Karachi,2023-10-19
C00543,Premium,Rawalpindi,2023-05-01
C00544,Regular,Islamabad,2024-09-13
C00545,Regular,Faisalabad,2025-08-11
C00546,Family,Rawalpindi,2025-07-23
C00547,Premium,Lahore,2023-03-26
C00548,Family,Rawalpindi,2024-10-09
C00549,Small Business,Lahore,2023-03-20
C00550,Regular,Peshawar,2025-10-30
C00551,Regular,Islamabad,2024-03-14
C00552,Family,Rawalpindi,2025-09-09
C00553,Regular,Lahore,2024-06-27
C00554,Regular,Islamabad,2025-01-26
C00555,Premium,Lahore,2023-01-18
C00556,Premium,Faisalabad,2025-01-22
C00557,Family,Peshawar,2024-09-28
C00558,Regular,Lahore,2023-07-09
C00559,Regular,Islamabad,2024-04-22
C00560,Premium,Islamabad,2023-12-30
C00561,Small Business,Peshawar,2023-02-02
C00562,Family,Karachi,2025-05-12
C00563,Regular,Karachi,2024-12-20
C00564,Regular,Lahore,2024-03-02
C00565,Regular,Islamabad,2023-11-22
C00566,Regular,Lahore,2023-08-31
C00567,Small Business,Lahore,2025-03-21
C00568,Regular,Islamabad,2023-03-09
C00569,Regular,Rawalpindi,2024-07-01
C00570,Regular,Karachi,2023-08-26
C00571,Family,Islamabad,2023-03-24
C00572,Family,Rawalpindi,2024-09-06
C00573,Regular,Rawalpindi,2023-10-25
C00574,Regular,Karachi,2025-09-11
C00575,Regular,Rawalpindi,2025-01-26
C00576,Family,Karachi,2024-02-21
C00577,Regular,Rawalpindi,2025-11-15
C00578,Small Business,Rawalpindi,2025-04-20
C00579,Premium,Islamabad,2024-06-14
C00580,Regular,Rawalpindi,2023-05-18
C00581,Family,Faisalabad,2023-03-24
C00582,Regular,Karachi,2025-05-26
C00583,Regular,Karachi,2024-05-15
C00584,Regular,Peshawar,2025-09-14
C00585,Family,Islamabad,2024-05-28
C00586,Regular,Karachi,2024-06-19
C00587,Premium,Karachi,2025-05-29
C00588,Premium,Karachi,2024-04-29
C00589,Small Business,Faisalabad,2024-07-07
C00590,Small Business,Islamabad,2025-08-25
C00591,Regular,Islamabad,2023-09-12
C00592,Premium,Faisalabad,2023-08-31
C00593,Family,Rawalpindi,2025-09-17
C00594,Regular,Faisalabad,2025-09-07
C00595,Family,Lahore,2025-11-12
C00596,Regular,Rawalpindi,2025-09-04
C00597,Regular,Peshawar,2023-01-21
C00598,Premium,Lahore,2025-10-16
C00599,Family,Islamabad,2023-06-16
C00600,Regular,Rawalpindi,2025-08-07
C00601,Family,Islamabad,2025-01-04
C00602,Regular,Faisalabad,2024-07-13
C00603,Family,Peshawar,2024-04-28
C00604,Regular,Islamabad,2024-12-27
C00605,Regular,Rawalpindi,2024-11-25
C00606,Premium,Peshawar,2024-07-21
C00607,Small Business,Islamabad,2023-03-28
C00608,Regular,Islamabad,2023-11-18
C00609,Regular,Islamabad,2023-07-09
C00610,Regular,Faisalabad,2025-11-21
C00611,Family,Lahore,2025-06-15
C00612,Family,Islamabad,2023-01-27
C00613,Regular,Islamabad,2024-10-26
C00614,Small Business,Islamabad,2023-09-25
C00615,Family,Lahore,2024-06-23
C00616,Small Business,Islamabad,2025-09-16
C00617,Small Business,Lahore,2024-09-19
C00618,Family,Faisalabad,2025-10-11
C00619,Regular,Lahore,2023-12-12
C00620,Family,Rawalpindi,2023-10-24
C00621,Regular,Islamabad,2025-06-14
C00622,Family,Rawalpindi,2025-11-30
C00623,Regular,Lahore,2024-11-28
C00624,Regular,Islamabad,2025-05-15
C00625,Regular,Islamabad,2024-03-02
C00626,Regular,Lahore,2025-04-07
C00627,Small Business,Lahore,2023-07-08
C00628,Regular,Karachi,2024-09-01
C00629,Regular,Rawalpindi,2025-03-03
C00630,Regular,Rawalpindi,2024-02-24
C00631,Family,Lahore,2023-10-21
C00632,Small Business,Rawalpindi,2023-01-10
C00633,Regular,Rawalpindi,2024-05-05
C00634,Regular,Peshawar,2024-01-25
C00635,Regular,Faisalabad,2024-12-03
C00636,Small Business,Karachi,2024-02-04
C00637,Regular,Peshawar,2025-01-29
C00638,Regular,Lahore,2023-03-28
C00639,Regular,Rawalpindi,2025-11-20
C00640,Family,Peshawar,2023-03-31
C00641,Regular,Karachi,2024-01-14
C00642,Premium,Islamabad,2023-10-08
C00643,Premium,Faisalabad,2025-04-29
C00644,Premium,Faisalabad,2024-06-10
C00645,Regular,Rawalpindi,2025-03-09
C00646,Family,Rawalpindi,2025-04-04
C00647,Small Business,Rawalpindi,2024-11-20
C00648,Premium,Lahore,2024-09-19
C00649,Regular,Rawalpindi,2024-06-27
C00650,Regular,Islamabad,2024-07-30
C00651,Family,Faisalabad,2025-04-06
C00652,Regular,Karachi,2025-04-28
C00653,Regular,Faisalabad,2024-04-30
C00654,Regular,Karachi,2025-06-22
C00655,Regular,Rawalpindi,2023-01-22
C00656,Family,Peshawar,2024-04-13
C00657,Regular,Rawalpindi,2025-01-01
C00658,Regular,Faisalabad,2024-10-08
C00659,Regular,Rawalpindi,2024-03-09
C00660,Premium,Rawalpindi,2025-09-08
C00661,Regular,Karachi,2023-03-12
C00662,Regular,Rawalpindi,2023-03-26
C00663,Premium,Rawalpindi,2024-05-12
C00664,Family,Rawalpindi,2024-10-10
C00665,Regular,Islamabad,2024-03-12
C00666,Regular,Lahore,2025-04-06
C00667,Small Business,Lahore,2024-11-17
C00668,Regular,Rawalpindi,2024-03-31
C00669,Premium,Rawalpindi,2023-11-03
C00670,Family,Islamabad,2025-03-09
C00671,Premium,Rawalpindi,2024-06-06
C00672,Regular,Karachi,2025-06-13
C00673,Regular,Lahore,2023-08-06
C00674,Regular,Islamabad,2025-03-25
C00675,Family,Islamabad,2025-01-20
C00676,Small Business,Lahore,2024-07-25
C00677,Regular,Lahore,2025-10-10
C00678,Regular,Lahore,2025-02-10
C00679,Family,Lahore,2025-09-14
C00680,Family,Rawalpindi,2025-01-25
C00681,Premium,Rawalpindi,2023-11-06
C00682,Regular,Rawalpindi,2024-02-13
C00683,Premium,Lahore,2025-07-31
C00684,Small Business,Islamabad,2023-01-23
C00685,Family,Karachi,2025-08-31
C00686,Regular,Peshawar,2025-10-08
C00687,Family,Rawalpindi,2025-06-13
C00688,Regular,Islamabad,2024-05-13
C00689,Small Business,Karachi,2025-01-01
C00690,Family,Karachi,2023-11-14
C00691,Regular,Karachi,2023-07-12
C00692,Regular,Islamabad,2023-09-24
C00693,Regular,Lahore,2025-08-10
C00694,Small Business,Rawalpindi,2024-03-01
C00695,Family,Islamabad,2025-02-01
C00696,Family,Karachi,2024-09-07
C00697,Family,Islamabad,2025-11-18
C00698,Regular,Peshawar,2024-07-05
C00699,Family,Rawalpindi,2024-04-16
C00700,Regular,Rawalpindi,2024-02-12
C00701,Regular,Rawalpindi,2024-12-18
C00702,Regular,Lahore,2023-03-24
C00703,Family,Lahore,2025-10-24
C00704,Family,Islamabad,2025-11-10
C00705,Small Business,Faisalabad,2023-04-18
C00706,Regular,Peshawar,2023-01-17
C00707,Family,Peshawar,2025-07-25
C00708,Regular,Rawalpindi,2025-09-06
C00709,Premium,Rawalpindi,2024-05-05
C00710,Family,Karachi,2023-02-03
C00711,Regular,Faisalabad,2023-04-20
C00712,Regular,Karachi,2024-06-22
C00713,Regular,Islamabad,2025-10-04
C00714,Family,Peshawar,2025-04-16
C00715,Premium,Lahore,2023-02-01
C00716,Regular,Islamabad,2024-12-07
C00717,Regular,Rawalpindi,2025-05-12
C00718,Family,Faisalabad,2025-01-21
C00719,Regular,Lahore,2024-04-09
C00720,Family,Karachi,2023-04-14
C00721,Small Business,Rawalpindi,2025-02-19
C00722,Family,Rawalpindi,2025-07-09
C00723,Premium,Lahore,2024-08-05
C00724,Regular,Rawalpindi,2024-11-23
C00725,Family,Islamabad,2023-04-18
C00726,Family,Karachi,2025-09-29
C00727,Family,Lahore,2024-01-16
C00728,Regular,Rawalpindi,2025-11-25
C00729,Regular,Islamabad,2023-06-14
C00730,Family,Peshawar,2025-03-14
C00731,Regular,Karachi,2025-03-11
C00732,Family,Islamabad,2025-05-07
C00733,Family,Karachi,2023-10-15
C00734,Small Business,Rawalpindi,2025-10-20
C00735,Small Business,Karachi,2024-03-12
C00736,Family,Peshawar,2025-02-05
C00737,Small Business,Islamabad,2023-03-29
C00738,Family,Lahore,2024-10-13
C00739,Family,Karachi,2023-09-29
C00740,Regular,Faisalabad,2024-07-15
C00741,Premium,Karachi,2025-02-23
C00742,Regular,Karachi,2024-07-10
C00743,Regular,Faisalabad,2023-03-16
C00744,Family,Islamabad,2024-11-12
C00745,Family,Lahore,2024-01-19
C00746,Regular,Karachi,2024-10-27
C00747,Small Business,Rawalpindi,2024-12-31
C00748,Premium,Lahore,2023-01-02
C00749,Regular,Rawalpindi,2023-10-24
C00750,Premium,Islamabad,2023-06-08
C00751,Regular,Rawalpindi,2025-01-06
C00752,Premium,Islamabad,2024-03-19
C00753,Regular,Karachi,2023-04-17
C00754,Regular,Peshawar,2023-11-03
C00755,Regular,Islamabad,2025-10-14
C00756,Family,Peshawar,2024-12-19
C00757,Family,Rawalpindi,2024-02-25
C00758,Regular,Islamabad,2025-11-21
C00759,Family,Rawalpindi,2024-12-18
C00760,Regular,Rawalpindi,2023-10-11
C00761,Regular,Peshawar,2023-06-19
C00762,Family,Lahore,2025-05-13
C00763,Family,Islamabad,2023-11-26
C00764,Small Business,Islamabad,2024-01-31
C00765,Regular,Karachi,2023-09-26
C00766,Small Business,Lahore,2025-02-09
C00767,Regular,Lahore,2023-06-05
C00768,Regular,Islamabad,2023-04-05
C00769,Family,Islamabad,2024-09-15
C00770,Regular,Rawalpindi,2024-10-26
C00771,Family,Islamabad,2024-11-09
C00772,Regular,Rawalpindi,2024-07-08
C00773,Small Business,Lahore,2023-09-22
C00774,Premium,Lahore,2025-06-01
C00775,Regular,Rawalpindi,2025-11-09
C00776,Family,Lahore,2023-05-07
C00777,Regular,Rawalpindi,2023-11-24
C00778,Family,Islamabad,2024-07-09
C00779,Premium,Karachi,2024-03-20
C00780,Family,Karachi,2025-07-08
C00781,Regular,Rawalpindi,2025-10-24
C00782,Regular,Islamabad,2025-01-09
C00783,Regular,Rawalpindi,2024-02-28
C00784,Premium,Karachi,2023-06-21
C00785,Family,Rawalpindi,2025-03-06
C00786,Regular,Karachi,2025-06-27
C00787,Regular,Islamabad,2025-10-22
C00788,Regular,Islamabad,2023-09-04
C00789,Regular,Peshawar,2024-10-24
C00790,Small Business,Karachi,2023-03-20
C00791,Premium,Islamabad,2025-10-11
C00792,Regular,Faisalabad,2023-04-01
C00793,Family,Peshawar,2025-04-21
C00794,Regular,Lahore,2025-04-15
C00795,Regular,Rawalpindi,2024-05-04
C00796,Family,Rawalpindi,2025-06-13
C00797,Regular,Rawalpindi,2023-03-07
C00798,Family,Karachi,2025-07-26
C00799,Family,Islamabad,2024-01-18
C00800,Regular,Karachi,2025-03-14
C00801,Regular,Faisalabad,2023-05-13
C00802,Family,Karachi,2025-08-10
C00803,Family,Islamabad,2023-06-13
C00804,Small Business,Rawalpindi,2025-09-14
C00805,Regular,Islamabad,2023-11-12
C00806,Small Business,Lahore,2024-07-26
C00807,Regular,Rawalpindi,2025-01-02
C00808,Family,Rawalpindi,2024-11-04
C00809,Regular,Islamabad,2024-08-16
C00810,Small Business,Karachi,2025-10-12
C00811,Regular,Karachi,2024-10-03
C00812,Regular,Lahore,2024-07-01
C00813,Family,Islamabad,2023-03-20
C00814,Premium,Karachi,2023-09-14
C00815,Premium,Faisalabad,2024-05-03
C00816,Small Business,Faisalabad,2025-09-26
C00817,Family,Faisalabad,2024-07-10
C00818,Small Business,Peshawar,2023-02-23
C00819,Regular,Karachi,2023-08-10
C00820,Regular,Islamabad,2024-09-13
C00821,Regular,Faisalabad,2023-06-01
C00822,Family,Islamabad,2025-09-16
C00823,Regular,Rawalpindi,2023-08-06
C00824,Family,Faisalabad,2025-03-03
C00825,Regular,Faisalabad,2025-03-13
C00826,Premium,Rawalpindi,2024-10-06
C00827,Regular,Faisalabad,2024-09-09
C00828,Regular,Islamabad,2024-06-02
C00829,Regular,Rawalpindi,2023-07-31
C00830,Family,Islamabad,2023-10-18
C00831,Family,Karachi,2024-04-25
C00832,Premium,Islamabad,2024-08-22
C00833,Regular,Lahore,2025-07-07
C00834,Regular,Rawalpindi,2025-02-25
C00835,Regular,Rawalpindi,2025-11-13
C00836,Regular,Karachi,2024-08-20
C00837,Family,Karachi,2024-04-22
C00838,Premium,Rawalpindi,2025-03-27
C00839,Regular,Islamabad,2024-05-31
C00840,Regular,Peshawar,2025-10-26
C00841,Small Business,Karachi,2024-08-01
C00842,Small Business,Faisalabad,2024-11-11
C00843,Regular,Islamabad,2025-09-23
C00844,Family,Faisalabad,2025-01-23
C00845,Regular,Islamabad,2024-01-30
C00846,Premium,Faisalabad,2025-06-23
C00847,Regular,Rawalpindi,2025-09-15
C00848,Family,Karachi,2024-08-12
C00849,Regular,Lahore,2025-06-16
C00850,Family,Peshawar,2023-11-04
C00851,Family,Rawalpindi,2024-06-01
C00852,Premium,Karachi,2025-04-25
C00853,Regular,Islamabad,2023-07-22
C00854,Family,Rawalpindi,2025-05-28
C00855,Regular,Rawalpindi,2025-09-05
C00856,Regular,Islamabad,2025-11-09
C00857,Family,Rawalpindi,2023-06-09
C00858,Regular,Karachi,2023-01-23
C00859,Family,Karachi,2024-01-22
C00860,Small Business,Peshawar,2024-06-23
C00861,Regular,Faisalabad,2024-07-06
C00862,Regular,Rawalpindi,2023-03-07
C00863,Regular,Karachi,2024-12-07
C00864,Regular,Islamabad,2024-06-12
C00865,Regular,Karachi,2024-01-03
C00866,Small Business,Islamabad,2024-05-23
C00867,Premium,Islamabad,2024-08-22
C00868,Regular,Peshawar,2023-08-23
C00869,Family,Karachi,2025-03-14
C00870,Regular,Rawalpindi,2025-11-30
C00871,Family,Karachi,2024-01-15
C00872,Regular,Rawalpindi,2025-03-02
C00873,Premium,Lahore,2023-03-07
C00874,Family,Karachi,2024-02-16
C00875,Family,Islamabad,2024-08-15
C00876,Family,Rawalpindi,2025-04-26
C00877,Small Business,Rawalpindi,2023-11-27
C00878,Family,Karachi,2023-09-20
C00879,Family,Islamabad,2025-07-11
C00880,Regular,Lahore,2023-10-31
C00881,Family,Karachi,2023-08-10
C00882,Regular,Rawalpindi,2025-04-06
C00883,Premium,Rawalpindi,2023-04-05
C00884,Regular,Islamabad,2025-01-10
C00885,Regular,Lahore,2024-05-12
C00886,Regular,Lahore,2025-04-15
C00887,Regular,Karachi,2025-06-28
C00888,Small Business,Lahore,2024-02-19
C00889,Family,Peshawar,2023-09-22
C00890,Regular,Peshawar,2023-07-16
C00891,Small Business,Islamabad,2025-02-06
C00892,Small Business,Lahore,2024-04-07
C00893,Family,Karachi,2025-05-05
C00894,Regular,Lahore,2025-02-27
C00895,Regular,Rawalpindi,2025-11-28
C00896,Small Business,Islamabad,2025-06-20
C00897,Family,Karachi,2025-09-02
C00898,Regular,Islamabad,2025-08-18
C00899,Family,Lahore,2025-08-27
C00900,Family,Faisalabad,2025-11-23
C00901,Regular,Karachi,2024-02-07
C00902,Family,Islamabad,2023-11-30
C00903,Small Business,Peshawar,2024-09-27
C00904,Regular,Karachi,2025-06-11
C00905,Family,Karachi,2023-07-12
C00906,Premium,Rawalpindi,2025-11-29
C00907,Family,Islamabad,2023-11-18
C00908,Family,Karachi,2023-10-25
C00909,Regular,Rawalpindi,2024-02-27
C00910,Family,Rawalpindi,2023-01-06
C00911,Premium,Islamabad,2024-02-26
C00912,Premium,Islamabad,2023-06-01
C00913,Family,Islamabad,2025-05-03
C00914,Family,Islamabad,2025-04-08
C00915,Premium,Peshawar,2024-11-04
C00916,Regular,Lahore,2025-05-06
C00917,Family,Rawalpindi,2023-06-25
C00918,Small Business,Lahore,2023-10-04
C00919,Regular,Faisalabad,2025-07-28
C00920,Premium,Rawalpindi,2025-09-28
C00921,Regular,Rawalpindi,2023-10-15
C00922,Regular,Islamabad,2023-09-09
C00923,Regular,Islamabad,2023-05-04
C00924,Premium,Islamabad,2025-02-14
C00925,Family,Lahore,2024-12-04
C00926,Family,Lahore,2023-07-16
C00927,Regular,Lahore,2024-10-17
C00928,Regular,Karachi,2025-03-17
C00929,Regular,Islamabad,2023-11-13
C00930,Small Business,Lahore,2023-02-24
C00931,Regular,Faisalabad,2023-08-23
C00932,Premium,Lahore,2024-09-20
C00933,Regular,Karachi,2024-07-04
C00934,Family,Lahore,2024-01-07
C00935,Premium,Islamabad,2024-08-14
C00936,Regular,Faisalabad,2024-12-02
C00937,Family,Rawalpindi,2025-10-09
C00938,Regular,Islamabad,2025-08-02
C00939,Small Business,Lahore,2024-12-27
C00940,Small Business,Islamabad,2023-12-10
C00941,Regular,Rawalpindi,2024-02-29
C00942,Regular,Lahore,2025-10-09
C00943,Family,Islamabad,2023-12-18
C00944,Premium,Peshawar,2024-04-26
C00945,Family,Rawalpindi,2025-11-20
C00946,Premium,Lahore,2024-03-01
C00947,Premium,Karachi,2025-04-19
C00948,Regular,Rawalpindi,2023-08-06
C00949,Family,Faisalabad,2024-02-29
C00950,Regular,Karachi,2023-03-01
C00951,Regular,Karachi,2025-06-16
C00952,Regular,Lahore,2023-03-07
C00953,Small Business,Karachi,2025-05-27
C00954,Premium,Islamabad,2025-06-24
C00955,Small Business,Peshawar,2023-06-22
C00956,Regular,Rawalpindi,2023-01-08
C00957,Regular,Islamabad,2025-10-21
C00958,Regular,Rawalpindi,2024-11-21
C00959,Regular,Rawalpindi,2024-09-13
C00960,Premium,Faisalabad,2024-10-11
C00961,Family,Rawalpindi,2025-03-15
C00962,Family,Rawalpindi,2024-09-17
C00963,Premium,Peshawar,2025-03-19
C00964,Regular,Peshawar,2024-05-04
C00965,Premium,Lahore,2023-01-25
C00966,Small Business,Peshawar,2023-03-10
C00967,Family,Islamabad,2025-03-14
C00968,Family,Karachi,2023-07-24
C00969,Premium,Islamabad,2023-04-19
C00970,Regular,Islamabad,2025-01-09
C00971,Regular,Faisalabad,2023-06-19
C00972,Regular,Faisalabad,2025-08-06
C00973,Small Business,Karachi,2023-11-29
C00974,Regular,Rawalpindi,2024-05-28
C00975,Family,Peshawar,2024-04-06
C00976,Regular,Rawalpindi,2024-02-20
C00977,Premium,Lahore,2024-10-18
C00978,Regular,Islamabad,2025-06-06
C00979,Regular,Lahore,2023-09-17
C00980,Regular,Islamabad,2023-02-12
C00981,Regular,Rawalpindi,2025-02-14
C00982,Family,Rawalpindi,2024-09-29
C00983,Family,Karachi,2024-04-23
C00984,Regular,Karachi,2025-10-31
C00985,Regular,Peshawar,2023-12-25
C00986,Regular,Peshawar,2024-04-02
C00987,Family,Rawalpindi,2025-07-05
C00988,Family,Faisalabad,2023-11-18
C00989,Regular,Peshawar,2025-11-22
C00990,Family,Rawalpindi,2024-02-01
C00991,Premium,Lahore,2025-02-20
C00992,Regular,Islamabad,2024-09-03
C00993,Premium,Islamabad,2025-04-08
C00994,Regular,Rawalpindi,2025-07-28
C00995,Premium,Lahore,2023-06-15
C00996,Family,Islamabad,2025-02-15
C00997,Family,Faisalabad,2024-03-21
C00998,Regular,Faisalabad,2023-12-31
C00999,Premium,Rawalpindi,2025-03-25
C01000,Regular,Peshawar,2024-02-12
C01001,Regular,Lahore,2023-06-25
C01002,Premium,Rawalpindi,2024-11-07
C01003,Regular,Lahore,2025-10-05
C01004,Premium,Islamabad,2024-10-30
C01005,Regular,Karachi,2023-12-02
C01006,Small Business,Peshawar,2023-05-02
C01007,Regular,Islamabad,2023-10-07
C01008,Premium,Islamabad,2024-09-06
C01009,Regular,Rawalpindi,2023-10-14
C01010,Family,Islamabad,2025-03-06
C01011,Premium,Islamabad,2024-02-02
C01012,Regular,Karachi,2023-05-16
C01013,Regular,Rawalpindi,2024-11-20
C01014,Regular,Karachi,2025-04-06
C01015,Family,Rawalpindi,2025-08-05
C01016,Regular,Lahore,2023-06-08
C01017,Regular,Karachi,2025-05-10
C01018,Family,Faisalabad,2023-04-03
C01019,Family,Lahore,2025-09-19
C01020,Family,Rawalpindi,2024-08-16
C01021,Regular,Karachi,2023-06-22
C01022,Family,Rawalpindi,2025-04-11
C01023,Family,Rawalpindi,2025-05-12
C01024,Family,Islamabad,2024-10-18
C01025,Family,Rawalpindi,2024-04-23
C01026,Regular,Lahore,2024-10-08
C01027,Family,Karachi,2025-03-22
C01028,Regular,Faisalabad,2023-04-09
C01029,Regular,Rawalpindi,2023-01-13
C01030,Regular,Karachi,2024-09-08
C01031,Regular,Lahore,2025-06-09
C01032,Regular,Faisalabad,2024-07-02
C01033,Regular,Faisalabad,2023-01-21
C01034,Regular,Lahore,2023-01-16
C01035,Family,Rawalpindi,2024-10-07
C01036,Regular,Peshawar,2025-03-26
C01037,Family,Islamabad,2024-07-23
C01038,Premium,Karachi,2023-08-22
C01039,Regular,Peshawar,2023-10-06
C01040,Regular,Peshawar,2024-05-08
C01041,Family,Islamabad,2023-05-28
C01042,Regular,Lahore,2024-05-01
C01043,Family,Rawalpindi,2023-06-17
C01044,Regular,Islamabad,2024-12-25
C01045,Small Business,Karachi,2025-02-16
C01046,Small Business,Rawalpindi,2025-07-07
C01047,Regular,Lahore,2023-08-05
C01048,Regular,Rawalpindi,2025-04-10
C01049,Family,Rawalpindi,2025-05-27
C01050,Family,Peshawar,2023-08-14
C01051,Small Business,Peshawar,2025-08-03
C01052,Premium,Islamabad,2023-09-01
C01053,Premium,Lahore,2023-11-01
C01054,Regular,Islamabad,2024-04-01
C01055,Family,Islamabad,2025-05-18
C01056,Regular,Islamabad,2024-01-25
C01057,Premium,Karachi,2025-05-08
C01058,Regular,Karachi,2025-02-04
C01059,Family,Rawalpindi,2024-09-12
C01060,Regular,Islamabad,2024-08-06
C01061,Premium,Islamabad,2024-06-10
C01062,Family,Islamabad,2024-04-24
C01063,Family,Faisalabad,2023-11-22
C01064,Family,Rawalpindi,2024-10-05
C01065,Regular,Islamabad,2023-02-28
C01066,Family,Faisalabad,2024-02-10
C01067,Regular,Faisalabad,2024-04-20
C01068,Family,Rawalpindi,2025-07-02
C01069,Premium,Rawalpindi,2025-08-06
C01070,Regular,Rawalpindi,2025-03-07
C01071,Regular,Lahore,2023-07-10
C01072,Family,Rawalpindi,2025-04-27
C01073,Regular,Rawalpindi,2025-04-20
C01074,Regular,Faisalabad,2025-11-21
C01075,Family,Islamabad,2024-10-07
C01076,Premium,Islamabad,2025-01-01
C01077,Family,Islamabad,2023-12-03
C01078,Premium,Islamabad,2024-11-25
C01079,Family,Islamabad,2024-06-16
C01080,Premium,Faisalabad,2025-03-27
C01081,Small Business,Faisalabad,2023-03-05
C01082,Family,Faisalabad,2024-11-04
C01083,Family,Rawalpindi,2024-09-19
C01084,Regular,Faisalabad,2025-10-14
C01085,Family,Faisalabad,2025-11-21
C01086,Family,Rawalpindi,2024-03-09
C01087,Premium,Lahore,2024-07-13
C01088,Small Business,Karachi,2024-01-29
C01089,Small Business,Islamabad,2023-02-21
C01090,Regular,Karachi,2023-04-02
C01091,Family,Lahore,2023-04-10
C01092,Family,Rawalpindi,2025-10-01
C01093,Regular,Karachi,2024-03-16
C01094,Premium,Lahore,2023-03-29
C01095,Small Business,Islamabad,2023-10-19
C01096,Regular,Rawalpindi,2025-08-27
C01097,Regular,Islamabad,2025-03-06
C01098,Small Business,Rawalpindi,2024-01-13
C01099,Regular,Rawalpindi,2024-01-07
C01100,Regular,Islamabad,2025-11-21
C01101,Regular,Islamabad,2024-03-21
C01102,Small Business,Islamabad,2023-05-20
C01103,Regular,Karachi,2024-12-16
C01104,Family,Peshawar,2023-09-15
C01105,Regular,Rawalpindi,2024-11-08
C01106,Regular,Rawalpindi,2025-04-21
C01107,Family,Peshawar,2024-08-27
C01108,Premium,Rawalpindi,2024-02-19
C01109,Regular,Lahore,2024-10-12
C01110,Regular,Karachi,2024-04-14
C01111,Regular,Lahore,2024-10-06
C01112,Family,Faisalabad,2023-08-03
C01113,Family,Islamabad,2025-03-21
C01114,Family,Karachi,2023-06-16
C01115,Regular,Faisalabad,2023-11-01
C01116,Family,Lahore,2025-07-03
C01117,Regular,Rawalpindi,2024-07-18
C01118,Regular,Faisalabad,2024-09-22
C01119,Regular,Faisalabad,2025-01-04
C01120,Regular,Peshawar,2025-04-17
C01121,Regular,Lahore,2023-03-28
C01122,Regular,Rawalpindi,2024-01-26
C01123,Regular,Peshawar,2025-02-21
C01124,Small Business,Rawalpindi,2024-06-02
C01125,Small Business,Karachi,2024-05-02
C01126,Family,Peshawar,2025-09-02
C01127,Regular,Karachi,2025-10-25
C01128,Regular,Rawalpindi,2025-08-22
C01129,Family,Karachi,2023-02-25
C01130,Regular,Faisalabad,2024-09-26
C01131,Regular,Rawalpindi,2023-05-23
C01132,Regular,Rawalpindi,2024-12-26
C01133,Regular,Karachi,2023-09-23
C01134,Regular,Rawalpindi,2023-03-21
C01135,Premium,Rawalpindi,2024-11-23
C01136,Regular,Rawalpindi,2024-01-02
C01137,Premium,Peshawar,2025-09-16
C01138,Family,Karachi,2024-08-27
C01139,Family,Peshawar,2023-04-18
C01140,Regular,Islamabad,2024-04-15
C01141,Regular,Islamabad,2025-06-08
C01142,Premium,Faisalabad,2023-11-24
C01143,Regular,Lahore,2024-12-13
C01144,Regular,Faisalabad,2025-01-18
C01145,Family,Rawalpindi,2023-11-09
C01146,Small Business,Islamabad,2023-09-08
C01147,Family,Karachi,2025-03-01
C01148,Regular,Islamabad,2025-08-27
C01149,Premium,Rawalpindi,2024-03-03
C01150,Premium,Rawalpindi,2023-08-09
C01151,Family,Karachi,2024-07-08
C01152,Regular,Lahore,2025-02-03
C01153,Regular,Lahore,2024-09-25
C01154,Family,Lahore,2024-06-10
C01155,Regular,Faisalabad,2023-07-30
C01156,Regular,Faisalabad,2025-02-19
C01157,Family,Lahore,2024-08-21
C01158,Family,Lahore,2024-03-07
C01159,Small Business,Islamabad,2024-12-06
C01160,Regular,Karachi,2024-01-12
C01161,Family,Karachi,2023-06-29
C01162,Family,Islamabad,2024-11-17
C01163,Family,Islamabad,2023-10-15
C01164,Family,Islamabad,2025-10-22
C01165,Family,Rawalpindi,2023-12-12
C01166,Small Business,Lahore,2025-01-03
C01167,Regular,Islamabad,2023-07-28
C01168,Regular,Faisalabad,2023-01-18
C01169,Regular,Islamabad,2025-11-14
C01170,Regular,Islamabad,2023-02-02
C01171,Premium,Karachi,2023-01-07
C01172,Regular,Karachi,2023-08-16
C01173,Family,Peshawar,2023-03-25
C01174,Family,Faisalabad,2024-01-12
C01175,Regular,Faisalabad,2025-03-17
C01176,Family,Lahore,2023-06-19
C01177,Regular,Lahore,2025-11-28
C01178,Regular,Islamabad,2025-10-12
C01179,Regular,Lahore,2024-02-25
C01180,Premium,Rawalpindi,2023-10-11
C01181,Family,Islamabad,2023-04-18
C01182,Regular,Lahore,2024-05-03
C01183,Regular,Islamabad,2024-08-22
C01184,Regular,Karachi,2023-05-30
C01185,Regular,Faisalabad,2025-10-28
C01186,Family,Rawalpindi,2023-11-21
C01187,Regular,Karachi,2024-10-04
C01188,Family,Islamabad,2024-08-04
C01189,Regular,Rawalpindi,2025-01-03
C01190,Family,Islamabad,2024-03-21
C01191,Regular,Rawalpindi,2025-07-03
C01192,Regular,Islamabad,2023-04-05
C01193,Premium,Lahore,2024-11-20
C01194,Regular,Karachi,2025-03-07
C01195,Small Business,Karachi,2025-04-09
C01196,Regular,Faisalabad,2025-10-29
C01197,Premium,Lahore,2025-09-04
C01198,Small Business,Karachi,2023-09-08
C01199,Regular,Karachi,2024-02-02
C01200,Family,Lahore,2023-08-24
C01201,Family,Islamabad,2023-04-21
C01202,Regular,Karachi,2025-03-15
C01203,Family,Lahore,2025-09-08
C01204,Premium,Faisalabad,2024-04-28
C01205,Premium,Islamabad,2025-08-16
C01206,Family,Faisalabad,2023-02-12
C01207,Regular,Islamabad,2025-03-19
C01208,Regular,Islamabad,2023-02-21
C01209,Regular,Karachi,2024-11-07
C01210,Family,Rawalpindi,2025-11-11
C01211,Regular,Lahore,2024-02-24
C01212,Family,Rawalpindi,2025-02-09
C01213,Family,Islamabad,2025-04-10
C01214,Family,Peshawar,2024-07-02
C01215,Family,Peshawar,2024-03-22
C01216,Premium,Rawalpindi,2023-06-18
C01217,Small Business,Rawalpindi,2025-01-19
C01218,Regular,Karachi,2025-08-27
C01219,Premium,Lahore,2024-02-05
C01220,Small Business,Karachi,2024-02-04
C01221,Regular,Faisalabad,2023-07-10
C01222,Regular,Peshawar,2023-12-16
C01223,Regular,Lahore,2024-10-28
C01224,Regular,Karachi,2025-04-21
C01225,Family,Islamabad,2025-09-22
C01226,Family,Peshawar,2025-05-21
C01227,Regular,Rawalpindi,2024-06-24
C01228,Regular,Rawalpindi,2023-01-21
C01229,Regular,Lahore,2023-07-24
C01230,Family,Rawalpindi,2024-08-08
C01231,Family,Peshawar,2024-10-29
C01232,Regular,Lahore,2024-01-09
C01233,Family,Faisalabad,2024-09-13
C01234,Regular,Rawalpindi,2025-10-30
C01235,Family,Karachi,2025-03-01
C01236,Regular,Islamabad,2023-12-01
C01237,Family,Islamabad,2025-11-11
C01238,Regular,Lahore,2023-11-17
C01239,Premium,Faisalabad,2023-06-01
C01240,Small Business,Lahore,2024-12-02
C01241,Regular,Lahore,2025-02-19
C01242,Family,Faisalabad,2025-08-20
C01243,Regular,Islamabad,2023-04-07
C01244,Regular,Peshawar,2024-11-14
C01245,Regular,Karachi,2025-10-23
C01246,Family,Karachi,2024-08-19
C01247,Premium,Rawalpindi,2025-07-08
C01248,Regular,Peshawar,2023-05-09
C01249,Regular,Faisalabad,2023-01-13
C01250,Family,Rawalpindi,2023-10-01
C01251,Regular,Rawalpindi,2025-08-28
C01252,Premium,Karachi,2025-04-30
C01253,Family,Lahore,2025-02-20
C01254,Premium,Islamabad,2023-05-25
C01255,Family,Peshawar,2025-09-26
C01256,Family,Karachi,2025-09-28
C01257,Family,Rawalpindi,2024-02-05
C01258,Small Business,Rawalpindi,2025-10-05
C01259,Premium,Karachi,2023-09-22
C01260,Family,Rawalpindi,2024-11-11
C01261,Premium,Lahore,2024-06-24
C01262,Regular,Islamabad,2023-11-18
C01263,Small Business,Rawalpindi,2023-08-05
C01264,Regular,Peshawar,2025-09-11
C01265,Family,Islamabad,2025-06-19
C01266,Small Business,Karachi,2025-04-29
C01267,Regular,Karachi,2024-01-12
C01268,Regular,Karachi,2025-02-23
C01269,Regular,Islamabad,2025-10-12
C01270,Small Business,Peshawar,2023-05-31
C01271,Regular,Rawalpindi,2025-04-07
C01272,Regular,Islamabad,2024-10-12
C01273,Regular,Islamabad,2024-05-25
C01274,Small Business,Lahore,2025-05-20
C01275,Premium,Karachi,2024-10-02
C01276,Family,Karachi,2023-09-04
C01277,Family,Faisalabad,2024-12-22
C01278,Family,Rawalpindi,2023-10-03
C01279,Premium,Islamabad,2024-01-25
C01280,Regular,Rawalpindi,2024-04-21
C01281,Small Business,Islamabad,2024-06-24
C01282,Regular,Karachi,2025-05-05
C01283,Regular,Karachi,2023-09-25
C01284,Premium,Lahore,2023-04-13
C01285,Regular,Rawalpindi,2024-12-24
C01286,Regular,Lahore,2025-01-17
C01287,Regular,Karachi,2023-05-30
C01288,Premium,Islamabad,2024-09-06
C01289,Premium,Lahore,2024-05-29
C01290,Family,Rawalpindi,2025-01-25
C01291,Premium,Karachi,2023-03-26
C01292,Premium,Lahore,2023-06-14
C01293,Regular,Lahore,2023-04-19
C01294,Family,Lahore,2025-10-24
C01295,Premium,Rawalpindi,2024-12-30
C01296,Premium,Peshawar,2023-06-15
C01297,Family,Islamabad,2023-01-06
C01298,Regular,Rawalpindi,2025-05-27
C01299,Family,Rawalpindi,2024-05-28
C01300,Family,Islamabad,2023-01-10
C01301,Regular,Karachi,2024-12-03
C01302,Regular,Islamabad,2025-02-05
C01303,Regular,Rawalpindi,2024-03-10
C01304,Premium,Karachi,2023-11-21
C01305,Regular,Rawalpindi,2023-06-13
C01306,Regular,Rawalpindi,2024-02-08
C01307,Family,Lahore,2025-03-27
C01308,Family,Rawalpindi,2025-07-25
C01309,Regular,Rawalpindi,2023-08-14
C01310,Regular,Karachi,2024-02-24
C01311,Premium,Rawalpindi,2024-05-01
C01312,Regular,Karachi,2024-07-22
C01313,Small Business,Rawalpindi,2024-02-26
C01314,Regular,Peshawar,2024-10-18
C01315,Regular,Faisalabad,2024-11-24
C01316,Regular,Karachi,2023-01-13
C01317,Regular,Rawalpindi,2023-01-16
C01318,Family,Lahore,2025-01-06
C01319,Family,Karachi,2025-05-07
C01320,Regular,Rawalpindi,2025-10-07
C01321,Regular,Lahore,2024-07-18
C01322,Family,Islamabad,2024-03-03
C01323,Small Business,Lahore,2023-07-19
C01324,Regular,Rawalpindi,2025-06-16
C01325,Premium,Rawalpindi,2023-05-07
C01326,Family,Rawalpindi,2023-09-02
C01327,Regular,Islamabad,2024-05-21
C01328,Regular,Islamabad,2024-08-04
C01329,Premium,Islamabad,2024-08-27
C01330,Premium,Islamabad,2023-09-19
C01331,Family,Faisalabad,2023-09-18
C01332,Family,Islamabad,2023-08-10
C01333,Regular,Rawalpindi,2023-11-24
C01334,Regular,Faisalabad,2024-11-09
C01335,Family,Rawalpindi,2023-08-18
C01336,Regular,Peshawar,2023-01-31
C01337,Regular,Rawalpindi,2024-11-22
C01338,Regular,Faisalabad,2025-11-20
C01339,Family,Rawalpindi,2025-03-04
C01340,Regular,Karachi,2025-01-16
C01341,Small Business,Rawalpindi,2024-03-01
C01342,Regular,Islamabad,2023-10-14
C01343,Family,Islamabad,2024-11-28
C01344,Family,Rawalpindi,2024-10-05
C01345,Regular,Lahore,2025-03-14
C01346,Family,Lahore,2023-02-28
C01347,Regular,Lahore,2023-09-10
C01348,Regular,Rawalpindi,2024-12-09
C01349,Family,Islamabad,2025-08-28
C01350,Family,Lahore,2025-06-17
C01351,Regular,Islamabad,2025-03-05
C01352,Premium,Islamabad,2025-05-10
C01353,Family,Karachi,2025-09-23
C01354,Premium,Lahore,2023-05-18
C01355,Family,Islamabad,2025-04-14
C01356,Regular,Lahore,2023-06-07
C01357,Premium,Islamabad,2024-04-20
C01358,Family,Faisalabad,2024-12-01
C01359,Small Business,Rawalpindi,2024-01-01
C01360,Family,Karachi,2023-10-31
C01361,Premium,Islamabad,2023-09-08
C01362,Family,Rawalpindi,2025-09-17
C01363,Family,Islamabad,2023-02-01
C01364,Regular,Lahore,2024-08-31
C01365,Premium,Faisalabad,2023-05-07
C01366,Premium,Rawalpindi,2024-08-23
C01367,Regular,Karachi,2025-02-24
C01368,Regular,Islamabad,2025-03-19
C01369,Regular,Rawalpindi,2023-07-25
C01370,Regular,Islamabad,2025-07-29
C01371,Regular,Islamabad,2023-12-17
C01372,Regular,Islamabad,2024-05-06
C01373,Regular,Karachi,2025-08-24
C01374,Family,Lahore,2024-08-21
C01375,Regular,Lahore,2025-06-18
C01376,Family,Lahore,2023-03-24
C01377,Premium,Rawalpindi,2025-06-16
C01378,Regular,Peshawar,2025-09-11
C01379,Regular,Lahore,2023-05-27
C01380,Family,Peshawar,2025-08-10
C01381,Regular,Karachi,2024-08-14
C01382,Family,Karachi,2023-02-28
C01383,Family,Lahore,2025-02-12
C01384,Regular,Peshawar,2024-01-10
C01385,Family,Karachi,2023-09-11
C01386,Family,Karachi,2025-08-08
C01387,Family,Islamabad,2023-11-03
C01388,Small Business,Rawalpindi,2024-09-16
C01389,Regular,Karachi,2023-11-22
C01390,Premium,Islamabad,2023-12-07
C01391,Family,Lahore,2024-08-17
C01392,Regular,Lahore,2024-01-12
C01393,Premium,Rawalpindi,2024-07-01
C01394,Family,Rawalpindi,2024-12-08
C01395,Regular,Karachi,2024-07-10
C01396,Small Business,Islamabad,2025-01-04
C01397,Family,Islamabad,2025-05-21
C01398,Regular,Faisalabad,2023-06-07
C01399,Premium,Karachi,2023-05-03
C01400,Family,Lahore,2024-04-21
C01401,Family,Karachi,2025-01-27
C01402,Small Business,Rawalpindi,2025-06-08
C01403,Small Business,Karachi,2024-04-25
C01404,Regular,Lahore,2025-06-06
C01405,Family,Rawalpindi,2023-07-20
C01406,Regular,Rawalpindi,2025-01-14
C01407,Regular,Lahore,2024-12-27
C01408,Regular,Islamabad,2025-05-10
C01409,Regular,Karachi,2023-01-09
C01410,Premium,Faisalabad,2025-01-01
C01411,Premium,Faisalabad,2024-07-17
C01412,Regular,Lahore,2025-06-09
C01413,Family,Islamabad,2025-06-08
C01414,Family,Islamabad,2024-01-14
C01415,Premium,Lahore,2024-08-23
C01416,Regular,Rawalpindi,2023-03-17
C01417,Regular,Rawalpindi,2023-04-21
C01418,Regular,Islamabad,2023-04-12
C01419,Regular,Islamabad,2024-11-10
C01420,Regular,Lahore,2024-09-24
C01421,Regular,Karachi,2025-09-05
C01422,Regular,Islamabad,2023-01-14
C01423,Regular,Lahore,2025-06-14
C01424,Regular,Karachi,2025-06-14
C01425,Family,Rawalpindi,2023-06-14
C01426,Family,Rawalpindi,2023-07-22
C01427,Regular,Lahore,2025-05-24
C01428,Regular,Faisalabad,2025-05-19
C01429,Family,Rawalpindi,2025-05-23
C01430,Premium,Islamabad,2024-01-14
C01431,Regular,Islamabad,2025-05-10
C01432,Family,Rawalpindi,2023-04-24
C01433,Small Business,Peshawar,2025-11-30
C01434,Family,Islamabad,2024-01-29
C01435,Premium,Karachi,2023-07-03
C01436,Small Business,Rawalpindi,2023-01-10
C01437,Family,Rawalpindi,2025-03-08
C01438,Small Business,Lahore,2023-08-02
C01439,Regular,Islamabad,2023-01-08
C01440,Family,Rawalpindi,2023-06-05
C01441,Regular,Rawalpindi,2024-04-11
C01442,Family,Karachi,2025-11-05
C01443,Regular,Lahore,2024-09-18
C01444,Small Business,Peshawar,2024-04-06
C01445,Regular,Karachi,2024-07-31
C01446,Regular,Lahore,2024-08-07
C01447,Premium,Rawalpindi,2023-06-25
C01448,Premium,Lahore,2023-03-01
C01449,Regular,Rawalpindi,2023-06-16
C01450,Family,Lahore,2023-03-04
C01451,Premium,Rawalpindi,2025-02-17
C01452,Small Business,Islamabad,2024-10-02
C01453,Regular,Faisalabad,2025-02-25
C01454,Family,Islamabad,2023-12-26
C01455,Family,Islamabad,2024-06-25
C01456,Small Business,Islamabad,2023-11-13
C01457,Family,Islamabad,2024-10-27
C01458,Regular,Lahore,2023-06-23
C01459,Small Business,Rawalpindi,2023-03-14
C01460,Small Business,Karachi,2025-03-18
C01461,Regular,Rawalpindi,2023-08-12
C01462,Regular,Islamabad,2025-09-30
C01463,Regular,Rawalpindi,2023-10-30
C01464,Family,Rawalpindi,2024-01-28
C01465,Regular,Lahore,2025-03-28
C01466,Premium,Rawalpindi,2024-02-05
C01467,Regular,Rawalpindi,2023-08-07
C01468,Family,Rawalpindi,2023-11-08
C01469,Family,Islamabad,2025-04-07
C01470,Small Business,Rawalpindi,2023-07-06
C01471,Premium,Karachi,2024-05-04
C01472,Premium,Faisalabad,2023-12-01
C01473,Regular,Lahore,2024-03-01
C01474,Regular,Lahore,2025-05-25
C01475,Family,Karachi,2024-11-07
C01476,Regular,Rawalpindi,2023-03-30
C01477,Regular,Peshawar,2025-01-11
C01478,Regular,Islamabad,2025-05-22
C01479,Family,Lahore,2024-11-23
C01480,Regular,Faisalabad,2023-02-28
C01481,Family,Karachi,2024-06-28
C01482,Regular,Lahore,2024-07-26
C01483,Regular,Lahore,2023-02-02
C01484,Premium,Islamabad,2025-03-27
C01485,Family,Lahore,2023-06-06
C01486,Small Business,Rawalpindi,2023-12-28
C01487,Family,Islamabad,2023-12-06
C01488,Premium,Rawalpindi,2025-07-22
C01489,Premium,Lahore,2025-10-02
C01490,Regular,Karachi,2025-03-22
C01491,Family,Lahore,2024-01-14
C01492,Premium,Lahore,2024-11-13
C01493,Family,Lahore,2024-11-23
C01494,Regular,Lahore,2024-01-19
C01495,Family,Rawalpindi,2023-09-30
C01496,Small Business,Lahore,2023-05-26
C01497,Regular,Rawalpindi,2024-04-30
C01498,Family,Karachi,2024-09-25
C01499,Regular,Faisalabad,2025-02-07
C01500,Regular,Lahore,2023-08-06
C01501,Premium,Karachi,2024-11-13
C01502,Regular,Rawalpindi,2025-07-25
C01503,Regular,Rawalpindi,2025-03-31
C01504,Regular,Islamabad,2025-07-25
C01505,Family,Lahore,2025-04-28
C01506,Family,Rawalpindi,2024-06-11
C01507,Family,Rawalpindi,2025-11-23
C01508,Regular,Faisalabad,2025-01-04
C01509,Family,Lahore,2024-05-05
C01510,Regular,Rawalpindi,2025-02-13
C01511,Premium,Rawalpindi,2025-09-28
C01512,Regular,Karachi,2024-01-01
C01513,Regular,Lahore,2023-01-14
C01514,Family,Lahore,2023-06-13
C01515,Premium,Rawalpindi,2025-02-16
C01516,Family,Faisalabad,2024-04-01
C01517,Premium,Rawalpindi,2023-02-04
C01518,Regular,Islamabad,2024-06-20
C01519,Small Business,Lahore,2025-08-21
C01520,Regular,Faisalabad,2025-01-08
C01521,Family,Islamabad,2025-09-26
C01522,Family,Islamabad,2024-12-29
C01523,Family,Islamabad,2023-03-10
C01524,Regular,Peshawar,2023-03-01
C01525,Premium,Lahore,2025-04-24
C01526,Regular,Karachi,2025-09-08
C01527,Family,Faisalabad,2024-07-25
C01528,Regular,Karachi,2023-08-07
C01529,Regular,Karachi,2025-06-20
C01530,Regular,Rawalpindi,2023-09-06
C01531,Family,Islamabad,2025-04-14
C01532,Regular,Rawalpindi,2023-04-05
C01533,Family,Islamabad,2024-04-16
C01534,Family,Peshawar,2024-06-12
C01535,Family,Karachi,2024-08-27
C01536,Regular,Karachi,2025-09-11
C01537,Regular,Lahore,2024-10-31
C01538,Regular,Lahore,2024-12-06
C01539,Small Business,Lahore,2025-05-28
C01540,Regular,Islamabad,2024-06-07
C01541,Family,Faisalabad,2025-02-05
C01542,Regular,Islamabad,2025-07-04
C01543,Regular,Islamabad,2023-01-27
C01544,Regular,Lahore,2025-10-08
C01545,Family,Islamabad,2025-07-10
C01546,Regular,Rawalpindi,2024-08-20
C01547,Small Business,Peshawar,2024-11-15
C01548,Small Business,Rawalpindi,2025-04-24
C01549,Regular,Rawalpindi,2024-10-20
C01550,Premium,Lahore,2025-11-12
C01551,Regular,Islamabad,2024-11-23
C01552,Regular,Rawalpindi,2023-02-01
C01553,Family,Faisalabad,2023-11-02
C01554,Regular,Rawalpindi,2024-09-15
C01555,Family,Lahore,2024-11-08
C01556,Family,Faisalabad,2025-01-03
C01557,Premium,Faisalabad,2025-02-23
C01558,Regular,Islamabad,2024-08-02
C01559,Small Business,Islamabad,2023-04-19
C01560,Premium,Islamabad,2023-11-20
C01561,Family,Lahore,2024-08-04
C01562,Premium,Lahore,2023-10-12
C01563,Family,Peshawar,2024-05-25
C01564,Regular,Islamabad,2025-07-31
C01565,Regular,Lahore,2023-10-09
C01566,Family,Karachi,2025-07-26
C01567,Regular,Karachi,2025-11-05
C01568,Regular,Rawalpindi,2023-05-27
C01569,Regular,Islamabad,2025-08-24
C01570,Family,Rawalpindi,2025-03-03
C01571,Regular,Islamabad,2024-02-21
C01572,Family,Islamabad,2025-01-14
C01573,Regular,Peshawar,2023-05-08
C01574,Regular,Islamabad,2024-05-06
C01575,Regular,Peshawar,2024-02-01
C01576,Premium,Islamabad,2024-02-28
C01577,Family,Islamabad,2025-05-21
C01578,Premium,Islamabad,2023-12-12
C01579,Regular,Rawalpindi,2024-09-07
C01580,Regular,Lahore,2025-02-03
C01581,Family,Rawalpindi,2025-04-21
C01582,Regular,Peshawar,2024-04-26
C01583,Regular,Karachi,2025-04-12
C01584,Regular,Rawalpindi,2024-12-22
C01585,Regular,Rawalpindi,2023-07-07
C01586,Regular,Islamabad,2025-01-14
C01587,Small Business,Karachi,2024-01-21
C01588,Family,Lahore,2025-11-10
C01589,Premium,Lahore,2025-05-08
C01590,Family,Islamabad,2024-12-28
C01591,Regular,Peshawar,2025-01-10
C01592,Small Business,Peshawar,2023-03-26
C01593,Family,Karachi,2025-05-22
C01594,Premium,Islamabad,2023-08-25
C01595,Family,Rawalpindi,2025-03-14
C01596,Regular,Rawalpindi,2024-09-18
C01597,Small Business,Rawalpindi,2025-11-15
C01598,Regular,Islamabad,2023-01-27
C01599,Regular,Rawalpindi,2024-12-03
C01600,Regular,Rawalpindi,2024-04-27
